Previous,Current,Type,TzName,RowName
tzdata2012a,tzdata2012b,Rule,America/Havana,Cuba
tzdata2012b,tzdata2012c,Zone,Africa/Casablanca,Africa/Casablanca
tzdata2012b,tzdata2012c,Zone,Africa/El_Aaiun,Africa/El_Aaiun
tzdata2012b,tzdata2012c,Zone,Africa/Maputo,Africa/Maputo
tzdata2012b,tzdata2012c,Rule,Africa/Windhoek,Namibia
tzdata2012b,tzdata2012c,Zone,Africa/Windhoek,Africa/Windhoek
tzdata2012b,tzdata2012c,Zone,Africa/Niamey,Africa/Niamey
tzdata2012b,tzdata2012c,Zone,Africa/Lagos,Africa/Lagos
tzdata2012b,tzdata2012c,Zone,Indian/Reunion,Indian/Reunion
tzdata2012b,tzdata2012c,Zone,Africa/Kigali,Africa/Kigali
tzdata2012b,tzdata2012c,Zone,Atlantic/St_Helena,Atlantic/St_Helena
tzdata2012b,tzdata2012c,Zone,Africa/Sao_Tome,Africa/Sao_Tome
tzdata2012b,tzdata2012c,Zone,Africa/Dakar,Africa/Dakar
tzdata2012b,tzdata2012c,Zone,Indian/Mahe,Indian/Mahe
tzdata2012b,tzdata2012c,Rule,Africa/Freetown,SL
tzdata2012b,tzdata2012c,Zone,Africa/Freetown,Africa/Freetown
tzdata2012b,tzdata2012c,Zone,Africa/Mogadishu,Africa/Mogadishu
tzdata2012b,tzdata2012c,Rule,Africa/Johannesburg,SA
tzdata2012b,tzdata2012c,Zone,Africa/Johannesburg,Africa/Johannesburg
tzdata2012b,tzdata2012c,Rule,Africa/Khartoum,Sudan
tzdata2012b,tzdata2012c,Zone,Africa/Khartoum,Africa/Khartoum
tzdata2012b,tzdata2012c,Zone,Africa/Juba,Africa/Juba
tzdata2012b,tzdata2012c,Zone,Africa/Mbabane,Africa/Mbabane
tzdata2012b,tzdata2012c,Zone,Africa/Dar_es_Salaam,Africa/Dar_es_Salaam
tzdata2012b,tzdata2012c,Zone,Africa/Lome,Africa/Lome
tzdata2012b,tzdata2012c,Rule,Africa/Tunis,Tunisia
tzdata2012b,tzdata2012c,Zone,Africa/Tunis,Africa/Tunis
tzdata2012b,tzdata2012c,Zone,Africa/Kampala,Africa/Kampala
tzdata2012b,tzdata2012c,Zone,Africa/Lusaka,Africa/Lusaka
tzdata2012b,tzdata2012c,Zone,Africa/Harare,Africa/Harare
tzdata2012b,tzdata2012c,Zone,Asia/Gaza,Asia/Gaza
tzdata2012b,tzdata2012c,Zone,Asia/Hebron,Asia/Hebron
tzdata2012b,tzdata2012c,Rule,Asia/Damascus,Syria
tzdata2012d,tzdata2012e,Zone,Pacific/Fakaofo,Pacific/Fakaofo
tzdata2012e,tzdata2012f,Rule,Pacific/Fiji,Fiji
tzdata2012f,tzdata2012g,Zone,Asia/Gaza,Asia/Gaza
tzdata2012f,tzdata2012g,Zone,Asia/Hebron,Asia/Hebron
tzdata2012f,tzdata2012g,Zone,Pacific/Apia,Pacific/Apia
tzdata2012g,tzdata2012h,Rule,Asia/Jerusalem,Zion
tzdata2012g,tzdata2012h,Rule,Asia/Amman,Jordan
tzdata2012g,tzdata2012h,Zone,America/Araguaina,America/Araguaina
tzdata2012g,tzdata2012h,Zone,America/Bahia,America/Bahia
tzdata2012h,tzdata2012i,Rule,America/Havana,Cuba
tzdata2012i,tzdata2012j,Zone,Africa/Tripoli,Africa/Tripoli
tzdata2012j,tzdata2013a,Zone,Africa/Gaborone,Africa/Gaborone
tzdata2012j,tzdata2013a,Zone,Africa/Cairo,Africa/Cairo
tzdata2012j,tzdata2013a,Rule,Antarctica/Casey,ChileAQ
tzdata2012j,tzdata2013a,Zone,Asia/Rangoon,Asia/Rangoon
tzdata2012j,tzdata2013a,Zone,Asia/Shanghai,Asia/Shanghai
tzdata2012j,tzdata2013a,Zone,Asia/Hong_Kong,Asia/Hong_Kong
tzdata2012j,tzdata2013a,Zone,Asia/Muscat,Asia/Muscat
tzdata2012j,tzdata2013a,Zone,Asia/Aden,Asia/Aden
tzdata2012j,tzdata2013a,Zone,Pacific/Fiji,Pacific/Fiji
tzdata2012j,tzdata2013a,Zone,Europe/Vienna,Europe/Vienna
tzdata2012j,tzdata2013a,Zone,America/Nassau,America/Nassau
tzdata2012j,tzdata2013a,Zone,America/Barbados,America/Barbados
tzdata2012j,tzdata2013a,Zone,Atlantic/Bermuda,Atlantic/Bermuda
tzdata2012j,tzdata2013a,Zone,America/Costa_Rica,America/Costa_Rica
tzdata2012j,tzdata2013a,Rule,America/Santiago,Chile
tzdata2012j,tzdata2013a,Zone,America/Bogota,America/Bogota
tzdata2012j,tzdata2013a,Zone,America/Curacao,America/Curacao
tzdata2013a,tzdata2013b,Rule,America/Port-au-Prince,Haiti
tzdata2013b,tzdata2013c,Rule,Antarctica/Casey,AusAQ
tzdata2013b,tzdata2013c,Rule,Antarctica/Casey,ATAQ
tzdata2013b,tzdata2013c,Zone,Antarctica/Macquarie,Antarctica/Macquarie
tzdata2013b,tzdata2013c,Rule,Asia/Gaza,Palestine
tzdata2013b,tzdata2013c,Zone,Asia/Gaza,Asia/Gaza
tzdata2013b,tzdata2013c,Zone,Asia/Hebron,Asia/Hebron
tzdata2013b,tzdata2013c,Rule,America/Asuncion,Para
tzdata2013c,tzdata2013d,Rule,Asia/Jerusalem,Zion
tzdata2013c,tzdata2013d,Zone,Asia/Jerusalem,Asia/Jerusalem
tzdata2013c,tzdata2013d,Zone,Antarctica/Macquarie,Antarctica/Macquarie
tzdata2013d,tzdata2013e,Zone,Antarctica/McMurdo,Antarctica/McMurdo
tzdata2013d,tzdata2013e,Link,Antarctica/McMurdo,Antarctica/South_Pole
tzdata2013d,tzdata2013e,Zone,Asia/Dili,Asia/Dili
tzdata2013d,tzdata2013e,Zone,Asia/Jakarta,Asia/Jakarta
tzdata2013d,tzdata2013e,Zone,Asia/Pontianak,Asia/Pontianak
tzdata2013d,tzdata2013e,Zone,Asia/Makassar,Asia/Makassar
tzdata2013d,tzdata2013e,Zone,Asia/Jayapura,Asia/Jayapura
tzdata2013d,tzdata2013e,Rule,Pacific/Fiji,Fiji
tzdata2013d,tzdata2013e,Zone,Pacific/Johnston,Pacific/Johnston
tzdata2013d,tzdata2013e,Link,America/St_Thomas,America/Virgin
tzdata2013d,tzdata2013e,Zone,Europe/Vaduz,Europe/Vaduz
tzdata2013d,tzdata2013e,Zone,Europe/Zurich,Europe/Zurich
tzdata2013d,tzdata2013e,Zone,America/Thunder_Bay,America/Thunder_Bay
tzdata2013d,tzdata2013e,Zone,America/Anguilla,America/Anguilla
tzdata2013d,tzdata2013e,Zone,Atlantic/Bermuda,Atlantic/Bermuda
tzdata2013d,tzdata2013e,Zone,America/Cayman,America/Cayman
tzdata2013d,tzdata2013e,Zone,America/Dominica,America/Dominica
tzdata2013d,tzdata2013e,Zone,America/Grenada,America/Grenada
tzdata2013d,tzdata2013e,Zone,America/Guadeloupe,America/Guadeloupe
tzdata2013d,tzdata2013e,Link,America/Guadeloupe,America/St_Barthelemy
tzdata2013d,tzdata2013e,Link,America/Guadeloupe,America/Marigot
tzdata2013d,tzdata2013e,Zone,America/Jamaica,America/Jamaica
tzdata2013d,tzdata2013e,Zone,America/Montserrat,America/Montserrat
tzdata2013d,tzdata2013e,Zone,America/St_Kitts,America/St_Kitts
tzdata2013d,tzdata2013e,Zone,America/St_Lucia,America/St_Lucia
tzdata2013d,tzdata2013e,Zone,America/St_Vincent,America/St_Vincent
tzdata2013d,tzdata2013e,Zone,America/Grand_Turk,America/Grand_Turk
tzdata2013d,tzdata2013e,Zone,America/Tortola,America/Tortola
tzdata2013d,tzdata2013e,Zone,America/St_Thomas,America/St_Thomas
tzdata2013d,tzdata2013e,Rule,America/Argentina/San_Luis,SanLuis
tzdata2013d,tzdata2013e,Zone,America/Argentina/San_Luis,America/Argentina/San_Luis
tzdata2013d,tzdata2013e,Zone,America/Aruba,America/Aruba
tzdata2013e,tzdata2013f,Rule,Asia/Amman,Jordan
tzdata2013e,tzdata2013f,Zone,Asia/Amman,Asia/Amman
tzdata2013e,tzdata2013f,Rule,Asia/Gaza,Palestine
tzdata2013e,tzdata2013f,Zone,America/Araguaina,America/Araguaina
tzdata2013g,tzdata2013h,Rule,Africa/Tripoli,Libya
tzdata2013g,tzdata2013h,Zone,Africa/Tripoli,Africa/Tripoli
tzdata2013g,tzdata2013h,Zone,America/Eirunepe,America/Eirunepe
tzdata2013g,tzdata2013h,Zone,America/Rio_Branco,America/Rio_Branco
tzdata2013h,tzdata2013i,Rule,Asia/Amman,Jordan
tzdata2013h,tzdata2013i,Zone,Asia/Amman,Asia/Amman
tzdata2013h,tzdata2013i,Rule,America/Havana,Cuba
tzdata2013i,tzdata2014a,Rule,Asia/Jerusalem,Zion
tzdata2013i,tzdata2014a,Rule,Pacific/Fiji,Fiji
tzdata2013i,tzdata2014a,Zone,Europe/Istanbul,Europe/Istanbul
tzdata2013i,tzdata2014a,Zone,Europe/Kiev,Europe/Kiev
tzdata2014a,tzdata2014b,Rule,Antarctica/Vostok,NZAQ
tzdata2014a,tzdata2014b,Zone,Antarctica/Vostok,Antarctica/Vostok
tzdata2014a,tzdata2014b,Zone,Antarctica/Rothera,Antarctica/Rothera
tzdata2014a,tzdata2014b,Zone,Antarctica/Palmer,Antarctica/Palmer
tzdata2014a,tzdata2014b,Zone,Europe/Simferopol,Europe/Simferopol
tzdata2014d,tzdata2014e,Rule,Africa/Cairo,Egypt
tzdata2014d,tzdata2014e,Rule,WET,Russia
tzdata2014d,tzdata2014e,Zone,Europe/Moscow,Europe/Moscow
tzdata2014d,tzdata2014e,Zone,Asia/Vladivostok,Asia/Vladivostok
tzdata2014e,tzdata2014f,Zone,Africa/Ouagadougou,Africa/Ouagadougou
tzdata2014e,tzdata2014f,Zone,Africa/Banjul,Africa/Banjul
tzdata2014e,tzdata2014f,Rule,Africa/Accra,Ghana
tzdata2014e,tzdata2014f,Zone,Africa/Conakry,Africa/Conakry
tzdata2014e,tzdata2014f,Zone,Africa/Bamako,Africa/Bamako
tzdata2014e,tzdata2014f,Zone,Africa/Nouakchott,Africa/Nouakchott
tzdata2014e,tzdata2014f,Zone,Atlantic/St_Helena,Atlantic/St_Helena
tzdata2014e,tzdata2014f,Zone,Africa/Sao_Tome,Africa/Sao_Tome
tzdata2014e,tzdata2014f,Zone,Africa/Dakar,Africa/Dakar
tzdata2014e,tzdata2014f,Rule,Africa/Freetown,SL
tzdata2014e,tzdata2014f,Zone,Africa/Freetown,Africa/Freetown
tzdata2014e,tzdata2014f,Zone,Africa/Lome,Africa/Lome
tzdata2014e,tzdata2014f,Zone,Antarctica/Casey,Antarctica/Casey
tzdata2014e,tzdata2014f,Zone,Asia/Harbin,Asia/Harbin
tzdata2014e,tzdata2014f,Zone,Asia/Shanghai,Asia/Shanghai
tzdata2014e,tzdata2014f,Zone,Asia/Chongqing,Asia/Chongqing
tzdata2014e,tzdata2014f,Zone,Asia/Urumqi,Asia/Urumqi
tzdata2014e,tzdata2014f,Zone,Asia/Kashgar,Asia/Kashgar
tzdata2014e,tzdata2014f,Rule,Asia/Taipei,Taiwan
tzdata2014e,tzdata2014f,Zone,Asia/Taipei,Asia/Taipei
tzdata2014e,tzdata2014f,Zone,Asia/Tbilisi,Asia/Tbilisi
tzdata2014e,tzdata2014f,Zone,Asia/Jayapura,Asia/Jayapura
tzdata2014e,tzdata2014f,Zone,Asia/Tokyo,Asia/Tokyo
tzdata2014e,tzdata2014f,Zone,Asia/Seoul,Asia/Seoul
tzdata2014e,tzdata2014f,Zone,Asia/Pyongyang,Asia/Pyongyang
tzdata2014e,tzdata2014f,Zone,Asia/Riyadh,Asia/Riyadh
tzdata2014e,tzdata2014f,Zone,Asia/Tashkent,Asia/Tashkent
tzdata2014e,tzdata2014f,Rule,Australia/Darwin,Aus
tzdata2014e,tzdata2014f,Zone,Australia/Darwin,Australia/Darwin
tzdata2014e,tzdata2014f,Rule,Australia/Perth,AW
tzdata2014e,tzdata2014f,Zone,Australia/Perth,Australia/Perth
tzdata2014e,tzdata2014f,Zone,Australia/Eucla,Australia/Eucla
tzdata2014e,tzdata2014f,Rule,Australia/Brisbane,AQ
tzdata2014e,tzdata2014f,Rule,Australia/Brisbane,Holiday
tzdata2014e,tzdata2014f,Zone,Australia/Brisbane,Australia/Brisbane
tzdata2014e,tzdata2014f,Zone,Australia/Lindeman,Australia/Lindeman
tzdata2014e,tzdata2014f,Rule,Australia/Adelaide,AS
tzdata2014e,tzdata2014f,Zone,Australia/Adelaide,Australia/Adelaide
tzdata2014e,tzdata2014f,Rule,Australia/Hobart,AT
tzdata2014e,tzdata2014f,Zone,Australia/Hobart,Australia/Hobart
tzdata2014e,tzdata2014f,Zone,Australia/Currie,Australia/Currie
tzdata2014e,tzdata2014f,Rule,Australia/Melbourne,AV
tzdata2014e,tzdata2014f,Zone,Australia/Melbourne,Australia/Melbourne
tzdata2014e,tzdata2014f,Rule,Australia/Sydney,AN
tzdata2014e,tzdata2014f,Zone,Australia/Sydney,Australia/Sydney
tzdata2014e,tzdata2014f,Zone,Australia/Broken_Hill,Australia/Broken_Hill
tzdata2014e,tzdata2014f,Rule,Australia/Lord_Howe,LH
tzdata2014e,tzdata2014f,Zone,Australia/Lord_Howe,Australia/Lord_Howe
tzdata2014e,tzdata2014f,Zone,Antarctica/Macquarie,Antarctica/Macquarie
tzdata2014e,tzdata2014f,Zone,Pacific/Chatham,Pacific/Chatham
tzdata2014e,tzdata2014f,Zone,Pacific/Pago_Pago,Pacific/Pago_Pago
tzdata2014e,tzdata2014f,Rule,Pacific/Apia,WS
tzdata2014e,tzdata2014f,Zone,Pacific/Apia,Pacific/Apia
tzdata2014e,tzdata2014f,Link,Africa/Bamako,Africa/Timbuktu
tzdata2014e,tzdata2014f,Link,Asia/Chongqing,Asia/Chungking
tzdata2014e,tzdata2014f,Rule,Europe/Helsinki,Finland
tzdata2014e,tzdata2014f,Zone,Europe/Helsinki,Europe/Helsinki
tzdata2014e,tzdata2014f,Rule,Europe/Budapest,Hungary
tzdata2014e,tzdata2014f,Zone,Europe/Budapest,Europe/Budapest
tzdata2014e,tzdata2014f,Zone,Europe/Riga,Europe/Riga
tzdata2014e,tzdata2014f,Zone,Europe/Kaliningrad,Europe/Kaliningrad
tzdata2014e,tzdata2014f,Zone,Europe/Moscow,Europe/Moscow
tzdata2014e,tzdata2014f,Zone,Europe/Volgograd,Europe/Volgograd
tzdata2014e,tzdata2014f,Zone,Europe/Samara,Europe/Samara
tzdata2014e,tzdata2014f,Zone,Asia/Yekaterinburg,Asia/Yekaterinburg
tzdata2014e,tzdata2014f,Zone,Asia/Omsk,Asia/Omsk
tzdata2014e,tzdata2014f,Zone,Asia/Novosibirsk,Asia/Novosibirsk
tzdata2014e,tzdata2014f,Zone,Asia/Novokuznetsk,Asia/Novokuznetsk
tzdata2014e,tzdata2014f,Zone,Asia/Krasnoyarsk,Asia/Krasnoyarsk
tzdata2014e,tzdata2014f,Zone,Asia/Irkutsk,Asia/Irkutsk
tzdata2014e,tzdata2014f,Zone,Asia/Yakutsk,Asia/Yakutsk
tzdata2014e,tzdata2014f,Zone,Asia/Vladivostok,Asia/Vladivostok
tzdata2014e,tzdata2014f,Zone,Asia/Khandyga,Asia/Khandyga
tzdata2014e,tzdata2014f,Zone,Asia/Sakhalin,Asia/Sakhalin
tzdata2014e,tzdata2014f,Zone,Asia/Magadan,Asia/Magadan
tzdata2014e,tzdata2014f,Zone,Asia/Ust-Nera,Asia/Ust-Nera
tzdata2014e,tzdata2014f,Zone,Europe/Simferopol,Europe/Simferopol
tzdata2014e,tzdata2014f,Zone,America/Metlakatla,America/Metlakatla
tzdata2014f,tzdata2014g,Zone,Africa/Luanda,Africa/Luanda
tzdata2014f,tzdata2014g,Zone,Africa/Porto-Novo,Africa/Porto-Novo
tzdata2014f,tzdata2014g,Zone,Africa/Douala,Africa/Douala
tzdata2014f,tzdata2014g,Zone,Africa/Bangui,Africa/Bangui
tzdata2014f,tzdata2014g,Zone,Africa/Kinshasa,Africa/Kinshasa
tzdata2014f,tzdata2014g,Zone,Africa/Brazzaville,Africa/Brazzaville
tzdata2014f,tzdata2014g,Zone,Africa/Malabo,Africa/Malabo
tzdata2014f,tzdata2014g,Zone,Africa/Libreville,Africa/Libreville
tzdata2014f,tzdata2014g,Zone,Africa/Bissau,Africa/Bissau
tzdata2014f,tzdata2014g,Zone,Africa/Niamey,Africa/Niamey
tzdata2014f,tzdata2014g,Zone,Antarctica/Troll,Antarctica/Troll
tzdata2014f,tzdata2014g,Rule,Asia/Dhaka,Dhaka
tzdata2014f,tzdata2014g,Zone,Asia/Macau,Asia/Macau
tzdata2014f,tzdata2014g,Zone,Asia/Tbilisi,Asia/Tbilisi
tzdata2014f,tzdata2014g,Zone,Asia/Dili,Asia/Dili
tzdata2014f,tzdata2014g,Rule,Asia/Karachi,Pakistan
tzdata2014f,tzdata2014g,Zone,Asia/Samarkand,Asia/Samarkand
tzdata2014f,tzdata2014g,Zone,Europe/Riga,Europe/Riga
tzdata2014f,tzdata2014g,Zone,Europe/Lisbon,Europe/Lisbon
tzdata2014f,tzdata2014g,Zone,Atlantic/Azores,Atlantic/Azores
tzdata2014f,tzdata2014g,Zone,Atlantic/Madeira,Atlantic/Madeira
tzdata2014f,tzdata2014g,Zone,Europe/Samara,Europe/Samara
tzdata2014f,tzdata2014g,Zone,Asia/Yekaterinburg,Asia/Yekaterinburg
tzdata2014f,tzdata2014g,Zone,Asia/Omsk,Asia/Omsk
tzdata2014f,tzdata2014g,Zone,Asia/Krasnoyarsk,Asia/Krasnoyarsk
tzdata2014f,tzdata2014g,Zone,Asia/Irkutsk,Asia/Irkutsk
tzdata2014f,tzdata2014g,Zone,Asia/Yakutsk,Asia/Yakutsk
tzdata2014f,tzdata2014g,Zone,Asia/Vladivostok,Asia/Vladivostok
tzdata2014f,tzdata2014g,Rule,America/Blanc-Sablon,Mont
tzdata2014f,tzdata2014g,Rule,America/Grand_Turk,TC
tzdata2014f,tzdata2014g,Zone,America/Grand_Turk,America/Grand_Turk
tzdata2014g,tzdata2014h,Zone,Africa/Gaborone,Africa/Gaborone
tzdata2014g,tzdata2014h,Zone,Africa/Bujumbura,Africa/Bujumbura
tzdata2014g,tzdata2014h,Zone,Africa/Lubumbashi,Africa/Lubumbashi
tzdata2014g,tzdata2014h,Zone,Africa/Maseru,Africa/Maseru
tzdata2014g,tzdata2014h,Zone,Africa/Blantyre,Africa/Blantyre
tzdata2014g,tzdata2014h,Zone,Africa/Kigali,Africa/Kigali
tzdata2014g,tzdata2014h,Zone,Africa/Mbabane,Africa/Mbabane
tzdata2014g,tzdata2014h,Zone,Africa/Lusaka,Africa/Lusaka
tzdata2014g,tzdata2014h,Zone,Africa/Harare,Africa/Harare
tzdata2014g,tzdata2014h,Zone,Asia/Novokuznetsk,Asia/Novokuznetsk
tzdata2014g,tzdata2014h,Zone,America/Jamaica,America/Jamaica
tzdata2014h,tzdata2014i,Zone,Asia/Phnom_Penh,Asia/Phnom_Penh
tzdata2014h,tzdata2014i,Zone,Asia/Vientiane,Asia/Vientiane
tzdata2014h,tzdata2014i,Zone,Asia/Ho_Chi_Minh,Asia/Ho_Chi_Minh
tzdata2014h,tzdata2014i,Rule,Pacific/Fiji,Fiji
tzdata2014h,tzdata2014i,Zone,Europe/Minsk,Europe/Minsk
tzdata2014i,tzdata2014j,Zone,Indian/Comoro,Indian/Comoro
tzdata2014i,tzdata2014j,Zone,Africa/Djibouti,Africa/Djibouti
tzdata2014i,tzdata2014j,Zone,Africa/Asmara,Africa/Asmara
tzdata2014i,tzdata2014j,Zone,Africa/Addis_Ababa,Africa/Addis_Ababa
tzdata2014i,tzdata2014j,Zone,Indian/Antananarivo,Indian/Antananarivo
tzdata2014i,tzdata2014j,Zone,Indian/Mayotte,Indian/Mayotte
tzdata2014i,tzdata2014j,Zone,Africa/Mogadishu,Africa/Mogadishu
tzdata2014i,tzdata2014j,Zone,Africa/Dar_es_Salaam,Africa/Dar_es_Salaam
tzdata2014i,tzdata2014j,Zone,Africa/Kampala,Africa/Kampala
tzdata2014i,tzdata2014j,Rule,Asia/Seoul,ROK
tzdata2014i,tzdata2014j,Zone,Asia/Seoul,Asia/Seoul
tzdata2014i,tzdata2014j,Zone,Asia/Pyongyang,Asia/Pyongyang
tzdata2014i,tzdata2014j,Zone,America/Grand_Turk,America/Grand_Turk
tzdata2014j,tzdata2015a,Rule,Antarctica/Casey,ChileAQ
tzdata2014j,tzdata2015a,Zone,Antarctica/Palmer,Antarctica/Palmer
tzdata2014j,tzdata2015a,Zone,Asia/Bahrain,Asia/Bahrain
tzdata2014j,tzdata2015a,Zone,Asia/Kuwait,Asia/Kuwait
tzdata2014j,tzdata2015a,Zone,Asia/Muscat,Asia/Muscat
tzdata2014j,tzdata2015a,Zone,Asia/Aden,Asia/Aden
tzdata2014j,tzdata2015a,Link,Africa/Asmara,Africa/Asmera
tzdata2014j,tzdata2015a,Rule,Atlantic/Reykjavik,Iceland
tzdata2014j,tzdata2015a,Zone,Atlantic/Reykjavik,Atlantic/Reykjavik
tzdata2014j,tzdata2015a,Rule,EST,US
tzdata2014j,tzdata2015a,Zone,America/Cancun,America/Cancun
tzdata2014j,tzdata2015a,Rule,America/Santiago,Chile
tzdata2014j,tzdata2015a,Zone,America/Santiago,America/Santiago
tzdata2014j,tzdata2015a,Zone,Pacific/Easter,Pacific/Easter
tzdata2015a,tzdata2015b,Rule,Asia/Gaza,Palestine
tzdata2015a,tzdata2015b,Zone,Pacific/Saipan,Pacific/Saipan
tzdata2015a,tzdata2015b,Zone,Pacific/Midway,Pacific/Midway
tzdata2015a,tzdata2015b,Zone,Europe/Volgograd,Europe/Volgograd
tzdata2015a,tzdata2015b,Zone,America/Antigua,America/Antigua
tzdata2015a,tzdata2015b,Zone,America/Cayman,America/Cayman
tzdata2015a,tzdata2015b,Zone,Pacific/Easter,Pacific/Easter
tzdata2015b,tzdata2015c,Rule,Africa/Cairo,Egypt
tzdata2015b,tzdata2015c,Rule,Antarctica/Casey,ArgAQ
tzdata2015b,tzdata2015c,Rule,Antarctica/Casey,ChileAQ
tzdata2015b,tzdata2015c,Zone,Antarctica/Palmer,Antarctica/Palmer
tzdata2015b,tzdata2015c,Rule,America/Blanc-Sablon,Mont
tzdata2015b,tzdata2015c,Zone,America/Montreal,America/Montreal
tzdata2015b,tzdata2015c,Rule,America/Santiago,Chile
tzdata2015b,tzdata2015c,Zone,America/Santiago,America/Santiago
tzdata2015b,tzdata2015c,Zone,Pacific/Easter,Pacific/Easter
tzdata2015c,tzdata2015d,Rule,Africa/Cairo,Egypt
tzdata2015c,tzdata2015d,Zone,America/Adak,America/Adak
tzdata2015c,tzdata2015d,Zone,America/Whitehorse,America/Whitehorse
tzdata2015d,tzdata2015e,Rule,Africa/Casablanca,Morocco
tzdata2015d,tzdata2015e,Link,America/Panama,America/Cayman
tzdata2015e,tzdata2015f,Zone,Asia/Pyongyang,Asia/Pyongyang
tzdata2015e,tzdata2015f,Zone,Europe/Sofia,Europe/Sofia
tzdata2015e,tzdata2015f,Zone,Europe/Tallinn,Europe/Tallinn
tzdata2015e,tzdata2015f,Zone,Europe/Chisinau,Europe/Chisinau
tzdata2015e,tzdata2015f,Zone,Europe/Simferopol,Europe/Simferopol
tzdata2015e,tzdata2015f,Zone,Atlantic/Canary,Atlantic/Canary
tzdata2015e,tzdata2015f,Rule,America/Montevideo,Uruguay
tzdata2015e,tzdata2015f,Zone,America/Caracas,America/Caracas
tzdata2015f,tzdata2015g,Zone,Asia/Pyongyang,Asia/Pyongyang
tzdata2015f,tzdata2015g,Rule,Pacific/Fiji,Fiji
tzdata2015f,tzdata2015g,Zone,Pacific/Norfolk,Pacific/Norfolk
tzdata2015f,tzdata2015g,Zone,Europe/Istanbul,Europe/Istanbul
tzdata2015g,tzdata2016a,Rule,Asia/Tehran,Iran
tzdata2015g,tzdata2016a,Rule,Asia/Karachi,Pakistan
tzdata2015g,tzdata2016a,Zone,Asia/Chita,Asia/Chita
tzdata2015g,tzdata2016a,Zone,America/Metlakatla,America/Metlakatla
tzdata2015g,tzdata2016a,Zone,America/Santa_Isabel,America/Santa_Isabel
tzdata2015g,tzdata2016a,Zone,America/Cayman,America/Cayman
tzdata2016a,tzdata2016b,Rule,Asia/Gaza,Palestine
tzdata2016a,tzdata2016b,Zone,Europe/Chisinau,Europe/Chisinau
tzdata2016a,tzdata2016b,Zone,Europe/Samara,Europe/Samara
tzdata2016a,tzdata2016b,Zone,Asia/Sakhalin,Asia/Sakhalin
tzdata2016a,tzdata2016b,Rule,America/Port-au-Prince,Haiti
tzdata2016b,tzdata2016c,Rule,Asia/Baku,Azer
tzdata2016b,tzdata2016c,Zone,Europe/Vilnius,Europe/Vilnius
tzdata2016b,tzdata2016c,Zone,Europe/Kaliningrad,Europe/Kaliningrad
tzdata2016b,tzdata2016c,Zone,Europe/Volgograd,Europe/Volgograd
tzdata2016b,tzdata2016c,Zone,Asia/Barnaul,Asia/Barnaul
tzdata2016b,tzdata2016c,Rule,America/Santiago,Chile
tzdata2016b,tzdata2016c,Zone,America/Santiago,America/Santiago
tzdata2016b,tzdata2016c,Zone,Pacific/Easter,Pacific/Easter
tzdata2016b,tzdata2016c,Zone,Antarctica/Palmer,Antarctica/Palmer
tzdata2016c,tzdata2016d,Rule,Asia/Kabul,RussiaAsia
tzdata2016c,tzdata2016d,Zone,Asia/Yerevan,Asia/Yerevan
tzdata2016c,tzdata2016d,Zone,Asia/Almaty,Asia/Almaty
tzdata2016c,tzdata2016d,Zone,Asia/Qyzylorda,Asia/Qyzylorda
tzdata2016c,tzdata2016d,Zone,Asia/Aqtobe,Asia/Aqtobe
tzdata2016c,tzdata2016d,Zone,Asia/Aqtau,Asia/Aqtau
tzdata2016c,tzdata2016d,Zone,Asia/Oral,Asia/Oral
tzdata2016c,tzdata2016d,Rule,WET,Russia
tzdata2016c,tzdata2016d,Zone,Asia/Magadan,Asia/Magadan
tzdata2016c,tzdata2016d,Zone,America/Caracas,America/Caracas
tzdata2016d,tzdata2016e,Zone,Antarctica/Casey,Antarctica/Casey
tzdata2016d,tzdata2016e,Zone,Antarctica/Davis,Antarctica/Davis
tzdata2016d,tzdata2016e,Zone,Antarctica/Mawson,Antarctica/Mawson
tzdata2016d,tzdata2016e,Zone,Indian/Kerguelen,Indian/Kerguelen
tzdata2016d,tzdata2016e,Zone,Antarctica/DumontDUrville,Antarctica/DumontDUrville
tzdata2016d,tzdata2016e,Zone,Antarctica/Syowa,Antarctica/Syowa
tzdata2016d,tzdata2016e,Zone,Antarctica/Troll,Antarctica/Troll
tzdata2016d,tzdata2016e,Zone,Antarctica/Vostok,Antarctica/Vostok
tzdata2016d,tzdata2016e,Zone,Antarctica/Rothera,Antarctica/Rothera
tzdata2016d,tzdata2016e,Zone,Asia/Baku,Asia/Baku
tzdata2016d,tzdata2016e,Zone,Antarctica/Macquarie,Antarctica/Macquarie
tzdata2016d,tzdata2016e,Zone,America/Pangnirtung,America/Pangnirtung
tzdata2016d,tzdata2016e,Zone,America/Iqaluit,America/Iqaluit
tzdata2016d,tzdata2016e,Zone,America/Resolute,America/Resolute
tzdata2016d,tzdata2016e,Zone,America/Rankin_Inlet,America/Rankin_Inlet
tzdata2016d,tzdata2016e,Zone,America/Cambridge_Bay,America/Cambridge_Bay
tzdata2016d,tzdata2016e,Zone,America/Yellowknife,America/Yellowknife
tzdata2016d,tzdata2016e,Zone,America/Inuvik,America/Inuvik
tzdata2016d,tzdata2016e,Zone,Antarctica/Palmer,Antarctica/Palmer
tzdata2016e,tzdata2016f,Rule,Africa/Cairo,Egypt
tzdata2016e,tzdata2016f,Zone,Europe/Minsk,Europe/Minsk
tzdata2016e,tzdata2016f,Zone,Asia/Novosibirsk,Asia/Novosibirsk
tzdata2016e,tzdata2016f,Zone,Asia/Novokuznetsk,Asia/Novokuznetsk
tzdata2016f,tzdata2016g,Zone,Antarctica/Casey,Antarctica/Casey
tzdata2016f,tzdata2016g,Zone,Antarctica/Davis,Antarctica/Davis
tzdata2016f,tzdata2016g,Zone,Antarctica/Mawson,Antarctica/Mawson
tzdata2016f,tzdata2016g,Zone,Indian/Kerguelen,Indian/Kerguelen
tzdata2016f,tzdata2016g,Zone,Antarctica/DumontDUrville,Antarctica/DumontDUrville
tzdata2016f,tzdata2016g,Zone,Antarctica/Syowa,Antarctica/Syowa
tzdata2016f,tzdata2016g,Rule,Antarctica/Troll,Troll
tzdata2016f,tzdata2016g,Zone,Antarctica/Vostok,Antarctica/Vostok
tzdata2016f,tzdata2016g,Zone,Antarctica/Rothera,Antarctica/Rothera
tzdata2016f,tzdata2016g,Zone,Asia/Yerevan,Asia/Yerevan
tzdata2016f,tzdata2016g,Zone,Asia/Baku,Asia/Baku
tzdata2016f,tzdata2016g,Zone,Asia/Rangoon,Asia/Rangoon
tzdata2016f,tzdata2016g,Zone,Asia/Tbilisi,Asia/Tbilisi
tzdata2016f,tzdata2016g,Zone,Asia/Bishkek,Asia/Bishkek
tzdata2016f,tzdata2016g,Zone,Asia/Dushanbe,Asia/Dushanbe
tzdata2016f,tzdata2016g,Zone,Asia/Ashgabat,Asia/Ashgabat
tzdata2016f,tzdata2016g,Zone,Asia/Samarkand,Asia/Samarkand
tzdata2016f,tzdata2016g,Zone,Asia/Tashkent,Asia/Tashkent
tzdata2016f,tzdata2016g,Zone,Etc/GMT-14,Etc/GMT-14
tzdata2016f,tzdata2016g,Zone,Etc/GMT-13,Etc/GMT-13
tzdata2016f,tzdata2016g,Zone,Etc/GMT-12,Etc/GMT-12
tzdata2016f,tzdata2016g,Zone,Etc/GMT-11,Etc/GMT-11
tzdata2016f,tzdata2016g,Zone,Etc/GMT-10,Etc/GMT-10
tzdata2016f,tzdata2016g,Zone,Etc/GMT-9,Etc/GMT-9
tzdata2016f,tzdata2016g,Zone,Etc/GMT-8,Etc/GMT-8
tzdata2016f,tzdata2016g,Zone,Etc/GMT-7,Etc/GMT-7
tzdata2016f,tzdata2016g,Zone,Etc/GMT-6,Etc/GMT-6
tzdata2016f,tzdata2016g,Zone,Etc/GMT-5,Etc/GMT-5
tzdata2016f,tzdata2016g,Zone,Etc/GMT-4,Etc/GMT-4
tzdata2016f,tzdata2016g,Zone,Etc/GMT-3,Etc/GMT-3
tzdata2016f,tzdata2016g,Zone,Etc/GMT-2,Etc/GMT-2
tzdata2016f,tzdata2016g,Zone,Etc/GMT-1,Etc/GMT-1
tzdata2016f,tzdata2016g,Zone,Etc/GMT+1,Etc/GMT+1
tzdata2016f,tzdata2016g,Zone,Etc/GMT+2,Etc/GMT+2
tzdata2016f,tzdata2016g,Zone,Etc/GMT+3,Etc/GMT+3
tzdata2016f,tzdata2016g,Zone,Etc/GMT+4,Etc/GMT+4
tzdata2016f,tzdata2016g,Zone,Etc/GMT+5,Etc/GMT+5
tzdata2016f,tzdata2016g,Zone,Etc/GMT+6,Etc/GMT+6
tzdata2016f,tzdata2016g,Zone,Etc/GMT+7,Etc/GMT+7
tzdata2016f,tzdata2016g,Zone,Etc/GMT+8,Etc/GMT+8
tzdata2016f,tzdata2016g,Zone,Etc/GMT+9,Etc/GMT+9
tzdata2016f,tzdata2016g,Zone,Etc/GMT+10,Etc/GMT+10
tzdata2016f,tzdata2016g,Zone,Etc/GMT+11,Etc/GMT+11
tzdata2016f,tzdata2016g,Zone,Etc/GMT+12,Etc/GMT+12
tzdata2016f,tzdata2016g,Rule,WET,Russia
tzdata2016f,tzdata2016g,Zone,Europe/Minsk,Europe/Minsk
tzdata2016f,tzdata2016g,Zone,Europe/Kaliningrad,Europe/Kaliningrad
tzdata2016f,tzdata2016g,Zone,Europe/Moscow,Europe/Moscow
tzdata2016f,tzdata2016g,Zone,Europe/Volgograd,Europe/Volgograd
tzdata2016f,tzdata2016g,Zone,Europe/Kirov,Europe/Kirov
tzdata2016f,tzdata2016g,Zone,Europe/Samara,Europe/Samara
tzdata2016f,tzdata2016g,Zone,Europe/Ulyanovsk,Europe/Ulyanovsk
tzdata2016f,tzdata2016g,Zone,Asia/Yekaterinburg,Asia/Yekaterinburg
tzdata2016f,tzdata2016g,Zone,Asia/Omsk,Asia/Omsk
tzdata2016f,tzdata2016g,Zone,Asia/Krasnoyarsk,Asia/Krasnoyarsk
tzdata2016f,tzdata2016g,Zone,Asia/Irkutsk,Asia/Irkutsk
tzdata2016f,tzdata2016g,Zone,Asia/Chita,Asia/Chita
tzdata2016f,tzdata2016g,Zone,Asia/Yakutsk,Asia/Yakutsk
tzdata2016f,tzdata2016g,Zone,Asia/Vladivostok,Asia/Vladivostok
tzdata2016f,tzdata2016g,Zone,Asia/Khandyga,Asia/Khandyga
tzdata2016f,tzdata2016g,Zone,Asia/Sakhalin,Asia/Sakhalin
tzdata2016f,tzdata2016g,Zone,Asia/Magadan,Asia/Magadan
tzdata2016f,tzdata2016g,Zone,Asia/Srednekolymsk,Asia/Srednekolymsk
tzdata2016f,tzdata2016g,Zone,Asia/Ust-Nera,Asia/Ust-Nera
tzdata2016f,tzdata2016g,Zone,Asia/Kamchatka,Asia/Kamchatka
tzdata2016f,tzdata2016g,Zone,Asia/Anadyr,Asia/Anadyr
tzdata2016f,tzdata2016g,Zone,Europe/Istanbul,Europe/Istanbul
tzdata2016f,tzdata2016g,Rule,America/Los_Angeles,CA
tzdata2016g,tzdata2016h,Rule,Asia/Gaza,Palestine
tzdata2016g,tzdata2016h,Zone,Asia/Colombo,Asia/Colombo
tzdata2016g,tzdata2016h,Rule,Europe/Istanbul,Turkey
tzdata2016h,tzdata2016i,Zone,Antarctica/Casey,Antarctica/Casey
tzdata2016h,tzdata2016i,Zone,Pacific/Tongatapu,Pacific/Tongatapu
tzdata2016h,tzdata2016i,Rule,Europe/Rome,Italy
tzdata2016h,tzdata2016i,Zone,Europe/Rome,Europe/Rome
tzdata2016h,tzdata2016i,Zone,Europe/Malta,Europe/Malta
tzdata2016i,tzdata2016j,Zone,Asia/Aqtau,Asia/Aqtau
tzdata2016i,tzdata2016j,Zone,Asia/Gaza,Asia/Gaza
tzdata2016i,tzdata2016j,Zone,Asia/Hebron,Asia/Hebron
tzdata2016j,tzdata2017a,Zone,Atlantic/Cape_Verde,Atlantic/Cape_Verde
tzdata2016j,tzdata2017a,Zone,Africa/Accra,Africa/Accra
tzdata2016j,tzdata2017a,Zone,Africa/Bissau,Africa/Bissau
tzdata2016j,tzdata2017a,Zone,Africa/Nairobi,Africa/Nairobi
tzdata2016j,tzdata2017a,Zone,Africa/Monrovia,Africa/Monrovia
tzdata2016j,tzdata2017a,Zone,Indian/Mauritius,Indian/Mauritius
tzdata2016j,tzdata2017a,Zone,Africa/El_Aaiun,Africa/El_Aaiun
tzdata2016j,tzdata2017a,Zone,Africa/Windhoek,Africa/Windhoek
tzdata2016j,tzdata2017a,Zone,Indian/Reunion,Indian/Reunion
tzdata2016j,tzdata2017a,Zone,Indian/Mahe,Indian/Mahe
tzdata2016j,tzdata2017a,Zone,Asia/Kabul,Asia/Kabul
tzdata2016j,tzdata2017a,Zone,Asia/Dhaka,Asia/Dhaka
tzdata2016j,tzdata2017a,Zone,Asia/Thimphu,Asia/Thimphu
tzdata2016j,tzdata2017a,Zone,Indian/Chagos,Indian/Chagos
tzdata2016j,tzdata2017a,Zone,Asia/Brunei,Asia/Brunei
tzdata2016j,tzdata2017a,Zone,Asia/Yangon,Asia/Yangon
tzdata2016j,tzdata2017a,Zone,Asia/Urumqi,Asia/Urumqi
tzdata2016j,tzdata2017a,Zone,Asia/Taipei,Asia/Taipei
tzdata2016j,tzdata2017a,Rule,Asia/Macau,Macau
tzdata2016j,tzdata2017a,Zone,Asia/Macau,Asia/Macau
tzdata2016j,tzdata2017a,Zone,Asia/Dili,Asia/Dili
tzdata2016j,tzdata2017a,Zone,Asia/Kolkata,Asia/Kolkata
tzdata2016j,tzdata2017a,Zone,Asia/Jakarta,Asia/Jakarta
tzdata2016j,tzdata2017a,Zone,Asia/Pontianak,Asia/Pontianak
tzdata2016j,tzdata2017a,Zone,Asia/Makassar,Asia/Makassar
tzdata2016j,tzdata2017a,Zone,Asia/Jayapura,Asia/Jayapura
tzdata2016j,tzdata2017a,Zone,Asia/Tehran,Asia/Tehran
tzdata2016j,tzdata2017a,Zone,Asia/Baghdad,Asia/Baghdad
tzdata2016j,tzdata2017a,Zone,Asia/Tokyo,Asia/Tokyo
tzdata2016j,tzdata2017a,Zone,Asia/Atyrau,Asia/Atyrau
tzdata2016j,tzdata2017a,Zone,Asia/Oral,Asia/Oral
tzdata2016j,tzdata2017a,Zone,Asia/Seoul,Asia/Seoul
tzdata2016j,tzdata2017a,Zone,Asia/Pyongyang,Asia/Pyongyang
tzdata2016j,tzdata2017a,Zone,Asia/Kuala_Lumpur,Asia/Kuala_Lumpur
tzdata2016j,tzdata2017a,Zone,Asia/Kuching,Asia/Kuching
tzdata2016j,tzdata2017a,Zone,Indian/Maldives,Indian/Maldives
tzdata2016j,tzdata2017a,Rule,Asia/Hovd,Mongol
tzdata2016j,tzdata2017a,Zone,Asia/Hovd,Asia/Hovd
tzdata2016j,tzdata2017a,Zone,Asia/Ulaanbaatar,Asia/Ulaanbaatar
tzdata2016j,tzdata2017a,Zone,Asia/Choibalsan,Asia/Choibalsan
tzdata2016j,tzdata2017a,Zone,Asia/Kathmandu,Asia/Kathmandu
tzdata2016j,tzdata2017a,Zone,Asia/Karachi,Asia/Karachi
tzdata2016j,tzdata2017a,Zone,Asia/Manila,Asia/Manila
tzdata2016j,tzdata2017a,Zone,Asia/Qatar,Asia/Qatar
tzdata2016j,tzdata2017a,Zone,Asia/Riyadh,Asia/Riyadh
tzdata2016j,tzdata2017a,Zone,Asia/Singapore,Asia/Singapore
tzdata2016j,tzdata2017a,Zone,Asia/Colombo,Asia/Colombo
tzdata2016j,tzdata2017a,Zone,Asia/Bangkok,Asia/Bangkok
tzdata2016j,tzdata2017a,Zone,Asia/Dubai,Asia/Dubai
tzdata2016j,tzdata2017a,Zone,Asia/Ho_Chi_Minh,Asia/Ho_Chi_Minh
tzdata2016j,tzdata2017a,Zone,Australia/Eucla,Australia/Eucla
tzdata2016j,tzdata2017a,Zone,Australia/Lord_Howe,Australia/Lord_Howe
tzdata2016j,tzdata2017a,Zone,Antarctica/Macquarie,Antarctica/Macquarie
tzdata2016j,tzdata2017a,Zone,Indian/Christmas,Indian/Christmas
tzdata2016j,tzdata2017a,Zone,Indian/Cocos,Indian/Cocos
tzdata2016j,tzdata2017a,Zone,Pacific/Fiji,Pacific/Fiji
tzdata2016j,tzdata2017a,Zone,Pacific/Gambier,Pacific/Gambier
tzdata2016j,tzdata2017a,Zone,Pacific/Marquesas,Pacific/Marquesas
tzdata2016j,tzdata2017a,Zone,Pacific/Tahiti,Pacific/Tahiti
tzdata2016j,tzdata2017a,Zone,Pacific/Tarawa,Pacific/Tarawa
tzdata2016j,tzdata2017a,Zone,Pacific/Enderbury,Pacific/Enderbury
tzdata2016j,tzdata2017a,Zone,Pacific/Kiritimati,Pacific/Kiritimati
tzdata2016j,tzdata2017a,Zone,Pacific/Majuro,Pacific/Majuro
tzdata2016j,tzdata2017a,Zone,Pacific/Kwajalein,Pacific/Kwajalein
tzdata2016j,tzdata2017a,Zone,Pacific/Chuuk,Pacific/Chuuk
tzdata2016j,tzdata2017a,Zone,Pacific/Pohnpei,Pacific/Pohnpei
tzdata2016j,tzdata2017a,Zone,Pacific/Kosrae,Pacific/Kosrae
tzdata2016j,tzdata2017a,Zone,Pacific/Nauru,Pacific/Nauru
tzdata2016j,tzdata2017a,Zone,Pacific/Noumea,Pacific/Noumea
tzdata2016j,tzdata2017a,Zone,Pacific/Chatham,Pacific/Chatham
tzdata2016j,tzdata2017a,Zone,Pacific/Rarotonga,Pacific/Rarotonga
tzdata2016j,tzdata2017a,Zone,Pacific/Niue,Pacific/Niue
tzdata2016j,tzdata2017a,Zone,Pacific/Norfolk,Pacific/Norfolk
tzdata2016j,tzdata2017a,Zone,Pacific/Palau,Pacific/Palau
tzdata2016j,tzdata2017a,Zone,Pacific/Port_Moresby,Pacific/Port_Moresby
tzdata2016j,tzdata2017a,Zone,Pacific/Bougainville,Pacific/Bougainville
tzdata2016j,tzdata2017a,Zone,Pacific/Pitcairn,Pacific/Pitcairn
tzdata2016j,tzdata2017a,Zone,Pacific/Pago_Pago,Pacific/Pago_Pago
tzdata2016j,tzdata2017a,Zone,Pacific/Apia,Pacific/Apia
tzdata2016j,tzdata2017a,Zone,Pacific/Guadalcanal,Pacific/Guadalcanal
tzdata2016j,tzdata2017a,Zone,Pacific/Fakaofo,Pacific/Fakaofo
tzdata2016j,tzdata2017a,Zone,Pacific/Funafuti,Pacific/Funafuti
tzdata2016j,tzdata2017a,Zone,Pacific/Wake,Pacific/Wake
tzdata2016j,tzdata2017a,Zone,Pacific/Efate,Pacific/Efate
tzdata2016j,tzdata2017a,Zone,Pacific/Wallis,Pacific/Wallis
tzdata2016j,tzdata2017a,Zone,America/Danmarkshavn,America/Danmarkshavn
tzdata2016j,tzdata2017a,Zone,America/Scoresbysund,America/Scoresbysund
tzdata2016j,tzdata2017a,Zone,America/Godthab,America/Godthab
tzdata2016j,tzdata2017a,Zone,Atlantic/Reykjavik,Atlantic/Reykjavik
tzdata2016j,tzdata2017a,Zone,Europe/Amsterdam,Europe/Amsterdam
tzdata2016j,tzdata2017a,Zone,Atlantic/Azores,Atlantic/Azores
tzdata2016j,tzdata2017a,Zone,Atlantic/Madeira,Atlantic/Madeira
tzdata2016j,tzdata2017a,Rule,Europe/Madrid,Spain
tzdata2016j,tzdata2017a,Zone,Europe/Madrid,Europe/Madrid
tzdata2016j,tzdata2017a,Zone,Africa/Ceuta,Africa/Ceuta
tzdata2016j,tzdata2017a,Zone,Atlantic/Canary,Atlantic/Canary
tzdata2016j,tzdata2017a,Zone,Europe/Zaporozhye,Europe/Zaporozhye
tzdata2016j,tzdata2017a,Zone,America/Anchorage,America/Anchorage
tzdata2016j,tzdata2017a,Rule,America/Belize,Belize
tzdata2016j,tzdata2017a,Zone,America/Belize,America/Belize
tzdata2016j,tzdata2017a,Rule,America/Santo_Domingo,DR
tzdata2016j,tzdata2017a,Zone,America/Santo_Domingo,America/Santo_Domingo
tzdata2016j,tzdata2017a,Zone,America/Miquelon,America/Miquelon
tzdata2016j,tzdata2017a,Zone,America/Argentina/Buenos_Aires,America/Argentina/Buenos_Aires
tzdata2016j,tzdata2017a,Zone,America/Argentina/Cordoba,America/Argentina/Cordoba
tzdata2016j,tzdata2017a,Zone,America/Argentina/Salta,America/Argentina/Salta
tzdata2016j,tzdata2017a,Zone,America/Argentina/Tucuman,America/Argentina/Tucuman
tzdata2016j,tzdata2017a,Zone,America/Argentina/La_Rioja,America/Argentina/La_Rioja
tzdata2016j,tzdata2017a,Zone,America/Argentina/San_Juan,America/Argentina/San_Juan
tzdata2016j,tzdata2017a,Zone,America/Argentina/Jujuy,America/Argentina/Jujuy
tzdata2016j,tzdata2017a,Zone,America/Argentina/Catamarca,America/Argentina/Catamarca
tzdata2016j,tzdata2017a,Zone,America/Argentina/Mendoza,America/Argentina/Mendoza
tzdata2016j,tzdata2017a,Zone,America/Argentina/San_Luis,America/Argentina/San_Luis
tzdata2016j,tzdata2017a,Zone,America/Argentina/Rio_Gallegos,America/Argentina/Rio_Gallegos
tzdata2016j,tzdata2017a,Zone,America/Argentina/Ushuaia,America/Argentina/Ushuaia
tzdata2016j,tzdata2017a,Zone,America/La_Paz,America/La_Paz
tzdata2016j,tzdata2017a,Zone,America/Noronha,America/Noronha
tzdata2016j,tzdata2017a,Zone,America/Belem,America/Belem
tzdata2016j,tzdata2017a,Zone,America/Santarem,America/Santarem
tzdata2016j,tzdata2017a,Zone,America/Fortaleza,America/Fortaleza
tzdata2016j,tzdata2017a,Zone,America/Recife,America/Recife
tzdata2016j,tzdata2017a,Zone,America/Araguaina,America/Araguaina
tzdata2016j,tzdata2017a,Zone,America/Maceio,America/Maceio
tzdata2016j,tzdata2017a,Zone,America/Bahia,America/Bahia
tzdata2016j,tzdata2017a,Zone,America/Sao_Paulo,America/Sao_Paulo
tzdata2016j,tzdata2017a,Zone,America/Campo_Grande,America/Campo_Grande
tzdata2016j,tzdata2017a,Zone,America/Cuiaba,America/Cuiaba
tzdata2016j,tzdata2017a,Zone,America/Porto_Velho,America/Porto_Velho
tzdata2016j,tzdata2017a,Zone,America/Boa_Vista,America/Boa_Vista
tzdata2016j,tzdata2017a,Zone,America/Manaus,America/Manaus
tzdata2016j,tzdata2017a,Zone,America/Eirunepe,America/Eirunepe
tzdata2016j,tzdata2017a,Zone,America/Rio_Branco,America/Rio_Branco
tzdata2016j,tzdata2017a,Zone,America/Santiago,America/Santiago
tzdata2016j,tzdata2017a,Zone,Pacific/Easter,Pacific/Easter
tzdata2016j,tzdata2017a,Zone,Antarctica/Palmer,Antarctica/Palmer
tzdata2016j,tzdata2017a,Zone,America/Bogota,America/Bogota
tzdata2016j,tzdata2017a,Zone,America/Curacao,America/Curacao
tzdata2016j,tzdata2017a,Zone,America/Guayaquil,America/Guayaquil
tzdata2016j,tzdata2017a,Zone,Pacific/Galapagos,Pacific/Galapagos
tzdata2016j,tzdata2017a,Zone,Atlantic/Stanley,Atlantic/Stanley
tzdata2016j,tzdata2017a,Zone,America/Cayenne,America/Cayenne
tzdata2016j,tzdata2017a,Zone,America/Guyana,America/Guyana
tzdata2016j,tzdata2017a,Zone,America/Asuncion,America/Asuncion
tzdata2016j,tzdata2017a,Zone,America/Lima,America/Lima
tzdata2016j,tzdata2017a,Zone,Atlantic/South_Georgia,Atlantic/South_Georgia
tzdata2016j,tzdata2017a,Zone,America/Paramaribo,America/Paramaribo
tzdata2016j,tzdata2017a,Zone,America/Montevideo,America/Montevideo
tzdata2016j,tzdata2017a,Zone,America/Caracas,America/Caracas
tzdata2017a,tzdata2017b,Zone,Africa/Monrovia,Africa/Monrovia
tzdata2017b,tzdata2017c,Rule,Africa/Windhoek,Namibia
tzdata2017b,tzdata2017c,Zone,Africa/Windhoek,Africa/Windhoek
tzdata2017b,tzdata2017c,Zone,Africa/Khartoum,Africa/Khartoum
tzdata2017b,tzdata2017c,Link,Africa/Khartoum,Africa/Juba
tzdata2017b,tzdata2017c,Rule,Asia/Kabul,RussiaAsia
tzdata2017b,tzdata2017c,Zone,Asia/Yerevan,Asia/Yerevan
tzdata2017b,tzdata2017c,Zone,Asia/Yangon,Asia/Yangon
tzdata2017b,tzdata2017c,Zone,Asia/Famagusta,Asia/Famagusta
tzdata2017b,tzdata2017c,Zone,Asia/Kolkata,Asia/Kolkata
tzdata2017b,tzdata2017c,Rule,Pacific/Fiji,Fiji
tzdata2017b,tzdata2017c,Zone,Pacific/Pago_Pago,Pacific/Pago_Pago
tzdata2017b,tzdata2017c,Zone,Pacific/Apia,Pacific/Apia
tzdata2017b,tzdata2017c,Rule,Pacific/Tongatapu,Tonga
tzdata2017b,tzdata2017c,Link,America/Regina,Canada/East-Saskatchewan
tzdata2017b,tzdata2017c,Zone,Europe/Dublin,Europe/Dublin
tzdata2017b,tzdata2017c,Zone,America/Juneau,America/Juneau
tzdata2017b,tzdata2017c,Zone,America/Sitka,America/Sitka
tzdata2017b,tzdata2017c,Zone,America/Metlakatla,America/Metlakatla
tzdata2017b,tzdata2017c,Zone,America/Yakutat,America/Yakutat
tzdata2017b,tzdata2017c,Zone,America/Anchorage,America/Anchorage
tzdata2017b,tzdata2017c,Zone,America/Nome,America/Nome
tzdata2017b,tzdata2017c,Zone,America/Adak,America/Adak
tzdata2017b,tzdata2017c,Rule,America/Detroit,Detroit
tzdata2017b,tzdata2017c,Zone,America/Grand_Turk,America/Grand_Turk
tzdata2017c,tzdata2018a,Link,Africa/Abidjan,Africa/Sao_Tome
tzdata2017c,tzdata2018a,Zone,Europe/Dublin,Europe/Dublin
tzdata2017c,tzdata2018a,Link,America/Los_Angeles,US/Pacific-New
tzdata2017c,tzdata2018a,Zone,America/La_Paz,America/La_Paz
tzdata2017c,tzdata2018a,Rule,America/Noronha,Brazil
tzdata2018b,tzdata2018c,Rule,Asia/Tokyo,Japan
tzdata2018b,tzdata2018c,Rule,Europe/Dublin,Eire
tzdata2018b,tzdata2018c,Zone,Europe/Dublin,Europe/Dublin
tzdata2018c,tzdata2018d,Zone,Atlantic/Cape_Verde,Atlantic/Cape_Verde
tzdata2018c,tzdata2018d,Rule,Africa/Accra,Ghana
tzdata2018c,tzdata2018d,Zone,Africa/Bissau,Africa/Bissau
tzdata2018c,tzdata2018d,Rule,Indian/Mauritius,Mauritius
tzdata2018c,tzdata2018d,Zone,Africa/Sao_Tome,Africa/Sao_Tome
tzdata2018c,tzdata2018d,Zone,Antarctica/Casey,Antarctica/Casey
tzdata2018c,tzdata2018d,Rule,Asia/Kabul,E-EurAsia
tzdata2018c,tzdata2018d,Rule,Asia/Kabul,RussiaAsia
tzdata2018c,tzdata2018d,Rule,Asia/Yerevan,Armenia
tzdata2018c,tzdata2018d,Rule,Asia/Baku,Azer
tzdata2018c,tzdata2018d,Rule,Asia/Dhaka,Dhaka
tzdata2018c,tzdata2018d,Zone,Asia/Macau,Asia/Macau
tzdata2018c,tzdata2018d,Rule,Asia/Tehran,Iran
tzdata2018c,tzdata2018d,Rule,Asia/Baghdad,Iraq
tzdata2018c,tzdata2018d,Rule,Asia/Bishkek,Kyrgyz
tzdata2018c,tzdata2018d,Rule,Asia/Kuala_Lumpur,NBorneo
tzdata2018c,tzdata2018d,Rule,Asia/Hovd,Mongol
tzdata2018c,tzdata2018d,Rule,Asia/Gaza,Palestine
tzdata2018c,tzdata2018d,Rule,Asia/Manila,Phil
tzdata2018c,tzdata2018d,Rule,Australia/Lord_Howe,LH
tzdata2018c,tzdata2018d,Rule,Pacific/Fiji,Fiji
tzdata2018c,tzdata2018d,Zone,Pacific/Enderbury,Pacific/Enderbury
tzdata2018c,tzdata2018d,Zone,Pacific/Kiritimati,Pacific/Kiritimati
tzdata2018c,tzdata2018d,Rule,Pacific/Noumea,NC
tzdata2018c,tzdata2018d,Rule,Pacific/Auckland,Chatham
tzdata2018c,tzdata2018d,Rule,Pacific/Rarotonga,Cook
tzdata2018c,tzdata2018d,Rule,Pacific/Apia,WS
tzdata2018c,tzdata2018d,Rule,Pacific/Tongatapu,Tonga
tzdata2018c,tzdata2018d,Rule,Pacific/Efate,Vanuatu
tzdata2018c,tzdata2018d,Rule,Atlantic/Reykjavik,Iceland
tzdata2018c,tzdata2018d,Zone,Europe/Lisbon,Europe/Lisbon
tzdata2018c,tzdata2018d,Zone,Atlantic/Azores,Atlantic/Azores
tzdata2018c,tzdata2018d,Zone,Atlantic/Madeira,Atlantic/Madeira
tzdata2018c,tzdata2018d,Zone,America/Jamaica,America/Jamaica
tzdata2018c,tzdata2018d,Zone,America/Grand_Turk,America/Grand_Turk
tzdata2018c,tzdata2018d,Rule,America/Argentina/Buenos_Aires,Arg
tzdata2018c,tzdata2018d,Rule,America/Argentina/San_Luis,SanLuis
tzdata2018c,tzdata2018d,Rule,America/Noronha,Brazil
tzdata2018c,tzdata2018d,Rule,America/Santiago,Chile
tzdata2018c,tzdata2018d,Rule,America/Bogota,CO
tzdata2018c,tzdata2018d,Rule,America/Guayaquil,Ecuador
tzdata2018c,tzdata2018d,Rule,Atlantic/Stanley,Falk
tzdata2018c,tzdata2018d,Rule,America/Asuncion,Para
tzdata2018c,tzdata2018d,Rule,America/Lima,Peru
tzdata2018c,tzdata2018d,Rule,America/Montevideo,Uruguay
tzdata2018c,tzdata2018d,Zone,America/Montevideo,America/Montevideo
tzdata2018d,tzdata2018e,Rule,Africa/Windhoek,Namibia
tzdata2018d,tzdata2018e,Zone,Africa/Windhoek,Africa/Windhoek
tzdata2018d,tzdata2018e,Zone,Asia/Pyongyang,Asia/Pyongyang
tzdata2018d,tzdata2018e,Zone,Europe/Dublin,Europe/Dublin
tzdata2018d,tzdata2018e,Rule,Europe/Prague,Czech
tzdata2018d,tzdata2018e,Zone,Europe/Prague,Europe/Prague
tzdata2018e,tzdata2018f,Rule,Asia/Shanghai,Shang
tzdata2018e,tzdata2018f,Rule,Asia/Shanghai,PRC
tzdata2018e,tzdata2018f,Zone,Asia/Shanghai,Asia/Shanghai
tzdata2018e,tzdata2018f,Rule,Asia/Macau,Macau
tzdata2018e,tzdata2018f,Zone,Asia/Macau,Asia/Macau
tzdata2018e,tzdata2018f,Rule,Asia/Tokyo,Japan
tzdata2018e,tzdata2018f,Zone,Asia/Pyongyang,Asia/Pyongyang
tzdata2018e,tzdata2018f,Rule,Asia/Manila,Phil
tzdata2018e,tzdata2018f,Zone,Asia/Manila,Asia/Manila
tzdata2018e,tzdata2018f,Rule,Pacific/Fiji,Fiji
tzdata2018e,tzdata2018f,Zone,Europe/Volgograd,Europe/Volgograd
tzdata2018e,tzdata2018f,Zone,Africa/Ceuta,Africa/Ceuta
tzdata2018e,tzdata2018f,Rule,America/Santiago,Chile
tzdata2018f,tzdata2018g,Rule,Africa/Casablanca,Morocco
tzdata2018f,tzdata2018g,Zone,Africa/Casablanca,Africa/Casablanca
tzdata2018f,tzdata2018g,Zone,Africa/El_Aaiun,Africa/El_Aaiun
tzdata2018f,tzdata2018g,Zone,Pacific/Honolulu,Pacific/Honolulu
tzdata2018g,tzdata2018h,Zone,Africa/Casablanca,Africa/Casablanca
tzdata2018g,tzdata2018h,Zone,Africa/El_Aaiun,Africa/El_Aaiun
tzdata2018g,tzdata2018h,Rule,Asia/Hong_Kong,HK
tzdata2018g,tzdata2018h,Zone,Asia/Hong_Kong,Asia/Hong_Kong
tzdata2018g,tzdata2018h,Rule,Asia/Tehran,Iran
tzdata2018g,tzdata2018h,Zone,Asia/Qyzylorda,Asia/Qyzylorda
tzdata2018g,tzdata2018h,Rule,Asia/Seoul,ROK
tzdata2018g,tzdata2018h,Zone,Pacific/Guam,Pacific/Guam
tzdata2018g,tzdata2018h,Zone,Pacific/Majuro,Pacific/Majuro
tzdata2018g,tzdata2018h,Zone,Pacific/Kwajalein,Pacific/Kwajalein
tzdata2018g,tzdata2018h,Zone,Pacific/Chuuk,Pacific/Chuuk
tzdata2018g,tzdata2018h,Zone,Pacific/Pohnpei,Pacific/Pohnpei
tzdata2018g,tzdata2018h,Zone,Pacific/Kosrae,Pacific/Kosrae
tzdata2018g,tzdata2018h,Zone,Pacific/Nauru,Pacific/Nauru
tzdata2018g,tzdata2018h,Zone,Pacific/Palau,Pacific/Palau
tzdata2018g,tzdata2018h,Zone,America/Metlakatla,America/Metlakatla
tzdata2018h,tzdata2018i,Zone,Africa/Sao_Tome,Africa/Sao_Tome
tzdata2018i,tzdata2019a,Rule,Asia/Gaza,Palestine
tzdata2018i,tzdata2019a,Link,Etc/UCT,UCT
tzdata2018i,tzdata2019a,Zone,Etc/UCT,Etc/UCT
tzdata2018i,tzdata2019a,Zone,America/Metlakatla,America/Metlakatla
